metric,value
total_heat_waves,47.0
avg_duration,3.8297872340425534
max_duration,9.0
avg_intensity,9.972382534673258
max_intensity,34.04944997467118
avg_hwmid,9.97238253467326
max_hwmid,34.0494499746712
