decade,duration,intensity,hwmid,count
1980,4.714285714285714,14.965674077486641,14.965674077486645,7
1990,3.5454545454545454,9.234910313292927,9.234910313292927,11
2000,3.5,7.266106587789592,7.266106587789588,14
2010,3.9166666666666665,9.856461331842333,9.856461331842338,12
2020,4.0,14.118406309950728,14.118406309950728,3
